{"OpenedDocuments":"[\"Main.xaml\"]","ProjectBreakpoints":"{\"CodeBreakpoints\":{},\"Value\":{}}","ProjectActivitiesViewState":"{\"System1/System1_ScrapeDataTable.xaml\":[],\"System1/System1_FilterWIDatatable.xaml\":[{\"ActivityIdRef\":\"AddQueueItem_1\",\"IsAdvancedOptionsExpanded\":false,\"Categories\":{\"Input\":true,\"Misc\":true},\"Widgets\":{\"FolderPath\":{\"ShowExpressionEditor\":true}}}],\"Framework/KillAllProcesses.xaml\":[{\"ActivityIdRef\":\"KillProcess_1\",\"IsAdvancedOptionsExpanded\":false,\"Widgets\":{}}],\"Framework/GetTransactionData.xaml\":[{\"ActivityIdRef\":\"If_1\",\"IsAdvancedOptionsExpanded\":false,\"Widgets\":{\"Then\":{\"ShowExpanded\":true},\"Else\":{\"ShowExpanded\":true}}},{\"ActivityIdRef\":\"GetQueueItem_2\",\"IsAdvancedOptionsExpanded\":false,\"Categories\":{\"Options\":true,\"Output\":true},\"Widgets\":{}},{\"ActivityIdRef\":\"If_2\",\"IsAdvancedOptionsExpanded\":false,\"Widgets\":{\"Then\":{\"ShowExpanded\":true},\"Else\":{\"ShowExpanded\":false}}},{\"ActivityIdRef\":\"If_3\",\"IsAdvancedOptionsExpanded\":false,\"Widgets\":{\"Then\":{\"ShowExpanded\":true},\"Else\":{\"ShowExpanded\":true}}},{\"ActivityIdRef\":\"Rethrow_1\",\"IsAdvancedOptionsExpanded\":false,\"Widgets\":{}}],\"Framework/Process.xaml\":[{\"ActivityIdRef\":\"If_1\",\"IsAdvancedOptionsExpanded\":false,\"Widgets\":{\"Then\":{\"ShowExpanded\":true},\"Else\":{\"ShowExpanded\":true}}}],\"Main.xaml\":[{\"ActivityIdRef\":\"ShouldStop_2\",\"IsAdvancedOptionsExpanded\":false,\"Widgets\":{}},{\"ActivityIdRef\":\"If_11\",\"IsAdvancedOptionsExpanded\":false,\"Widgets\":{\"Then\":{\"ShowExpanded\":true},\"Else\":{\"ShowExpanded\":true}}}]}","ProjectWatches":"{\"Value\":[{\"Id\":\"483fedbd-8d16-42b9-8923-30d29cf1a873\",\"Expression\":\"out_FilteredDatatable.RowCount\",\"Type\":0},{\"Id\":\"387b98d6-fc68-46c6-8f37-924a02117391\",\"Expression\":\"in_Datatable\",\"Type\":0},{\"Id\":\"4e986016-4ee4-4835-a83c-978fc5b7c29a\",\"Expression\":\"out_FilteredDatatable\",\"Type\":0},{\"Id\":\"d445a5e8-40b9-455b-88a7-414cdb50c01f\",\"Expression\":\"row\",\"Type\":0},{\"Id\":\"84867765-bfd7-476d-a965-5f3c8db4801e\",\"Expression\":\"row(\\\"WIID\\\").ToString\",\"Type\":0}]}"}